"id","driver_code","name"
1,DRIVER001,Driver Name 1
2,DRIVER002,Driver Name 2
3,DRIVER003,Driver Name 3
4,DRIVER004,Driver Name 4
5,DRIVER005,Driver Name 5
6,DRIVER006,Driver Name 6
7,DRIVER007,Driver Name 7
8,DRIVER008,Driver Name 8
9,DRIVER009,Driver Name 9
10,DRIVER010,Driver Name 10
11,DRIVER011,Driver Name 11
12,DRIVER012,Driver Name 12
13,DRIVER013,Driver Name 13
14,DRIVER014,Driver Name 14
15,DRIVER015,Driver Name 15
16,DRIVER016,Driver Name 16
17,DRIVER017,Driver Name 17
18,DRIVER018,Driver Name 18
19,DRIVER019,Driver Name 19
20,DRIVER020,Driver Name 20
21,DRIVER021,Driver Name 21
22,DRIVER022,Driver Name 22
23,DRIVER023,Driver Name 23
24,DRIVER024,Driver Name 24
25,DRIVER025,Driver Name 25
26,DRIVER026,Driver Name 26
27,DRIVER027,Driver Name 27
28,DRIVER028,Driver Name 28
29,DRIVER029,Driver Name 29
30,DRIVER030,Driver Name 30
31,DRIVER031,Driver Name 31
32,DRIVER032,Driver Name 32
33,DRIVER033,Driver Name 33
34,DRIVER034,Driver Name 34
35,DRIVER035,Driver Name 35
